"fathers_occupation","sons_occupation","family_structure","race","counts_for_sons_first_occupation","binaryClass"
Professional_Self-Employed,Professional_Self-Employed,intact,white,22.9,N
Professional_Self-Employed,Professional-Salaried,intact,white,96.2,N
Professional_Self-Employed,Manager,intact,white,18.1,N
Professional_Self-Employed,Salesman-Nonretail,intact,white,8.9,P
Professional_Self-Employed,Proprietor,intact,white,2.8,P
Professional_Self-Employed,Clerk,intact,white,22.4,P
Professional_Self-Employed,Salesman-Retail,intact,white,5.7,P
Professional_Self-Employed,Craftsman-Manufacturing,intact,white,7.6,P
Professional_Self-Employed,Craftsmen-Other,intact,white,6.6,P
Professional_Self-Employed,Craftsman-Construction,intact,white,6.8,P
Professional_Self-Employed,Service_Worker,intact,white,3.9,P
Professional_Self-Employed,Operative-Nonmanufacturing,intact,white,9.6,P
Professional_Self-Employed,Operative-Manufacturing,intact,white,8,P
Professional_Self-Employed,Laborer-Manufacturing,intact,white,2.4,P
Professional_Self-Employed,Laborer-Nonmanufacturing,intact,white,5.9,P
Professional_Self-Employed,Farmer/Farm_Manager,intact,white,1.4,P
Professional_Self-Employed,Farm_Laborer,intact,white,0,P
Professional-Salaried,Professional_Self-Employed,intact,white,7.3,N
Professional-Salaried,Professional-Salaried,intact,white,338.6,N
Professional-Salaried,Manager,intact,white,54.5,N
Professional-Salaried,Salesman-Nonretail,intact,white,36.2,N
Professional-Salaried,Proprietor,intact,white,8.4,P
Professional-Salaried,Clerk,intact,white,96.6,N
Professional-Salaried,Salesman-Retail,intact,white,33.1,N
Professional-Salaried,Craftsman-Manufacturing,intact,white,26.8,N
Professional-Salaried,Craftsmen-Other,intact,white,54.7,N
Professional-Salaried,Craftsman-Construction,intact,white,13.1,N
Professional-Salaried,Service_Worker,intact,white,24.8,N
Professional-Salaried,Operative-Nonmanufacturing,intact,white,48.4,N
Professional-Salaried,Operative-Manufacturing,intact,white,62.3,N
Professional-Salaried,Laborer-Manufacturing,intact,white,15.2,P
Professional-Salaried,Laborer-Nonmanufacturing,intact,white,23.4,N
Professional-Salaried,Farmer/Farm_Manager,intact,white,3.3,P
Professional-Salaried,Farm_Laborer,intact,white,11.1,P
Manager,Professional_Self-Employed,intact,white,12.8,N
Manager,Professional-Salaried,intact,white,293.2,N
Manager,Manager,intact,white,112.8,N
Manager,Salesman-Nonretail,intact,white,82,N
Manager,Proprietor,intact,white,4.4,N
Manager,Clerk,intact,white,128.1,N
Manager,Salesman-Retail,intact,white,59,N
Manager,Craftsman-Manufacturing,intact,white,35.4,N
Manager,Craftsmen-Other,intact,white,49.8,N
Manager,Craftsman-Construction,intact,white,28.5,N
Manager,Service_Worker,intact,white,28.6,N
Manager,Operative-Nonmanufacturing,intact,white,72.9,N
Manager,Operative-Manufacturing,intact,white,82.9,N
Manager,Laborer-Manufacturing,intact,white,13,P
Manager,Laborer-Nonmanufacturing,intact,white,52.8,N
Manager,Farmer/Farm_Manager,intact,white,5.4,P
Manager,Farm_Laborer,intact,white,5.2,P
Salesman-Nonretail,Professional_Self-Employed,intact,white,6.5,P
Salesman-Nonretail,Professional-Salaried,intact,white,114,N
Salesman-Nonretail,Manager,intact,white,29.1,N
Salesman-Nonretail,Salesman-Nonretail,intact,white,40.5,N
Salesman-Nonretail,Proprietor,intact,white,1.7,P
Salesman-Nonretail,Clerk,intact,white,67.9,N
Salesman-Nonretail,Salesman-Retail,intact,white,26.3,N
Salesman-Nonretail,Craftsman-Manufacturing,intact,white,12.4,N
Salesman-Nonretail,Craftsmen-Other,intact,white,23.1,N
Salesman-Nonretail,Craftsman-Construction,intact,white,6.1,P
Salesman-Nonretail,Service_Worker,intact,white,9.5,N
Salesman-Nonretail,Operative-Nonmanufacturing,intact,white,26.7,N
Salesman-Nonretail,Operative-Manufacturing,intact,white,30.2,N
Salesman-Nonretail,Laborer-Manufacturing,intact,white,4.7,P
Salesman-Nonretail,Laborer-Nonmanufacturing,intact,white,18.9,P
Salesman-Nonretail,Farmer/Farm_Manager,intact,white,1.3,P
Salesman-Nonretail,Farm_Laborer,intact,white,4,P
Proprietor,Professional_Self-Employed,intact,white,16.2,N
Proprietor,Professional-Salaried,intact,white,165.7,N
Proprietor,Manager,intact,white,58.4,N
Proprietor,Salesman-Nonretail,intact,white,46,N
Proprietor,Proprietor,intact,white,29.1,N
Proprietor,Clerk,intact,white,97.1,N
Proprietor,Salesman-Retail,intact,white,76.1,N
Proprietor,Craftsman-Manufacturing,intact,white,29,N
Proprietor,Craftsmen-Other,intact,white,41.6,N
Proprietor,Craftsman-Construction,intact,white,30.8,N
Proprietor,Service_Worker,intact,white,23.6,N
Proprietor,Operative-Nonmanufacturing,intact,white,59.7,N
Proprietor,Operative-Manufacturing,intact,white,79.5,N
Proprietor,Laborer-Manufacturing,intact,white,19.1,P
Proprietor,Laborer-Nonmanufacturing,intact,white,54.5,N
Proprietor,Farmer/Farm_Manager,intact,white,11,P
Proprietor,Farm_Laborer,intact,white,11.5,P
Clerk,Professional_Self-Employed,intact,white,1.9,P
Clerk,Professional-Salaried,intact,white,154.3,N
Clerk,Manager,intact,white,32.7,N
Clerk,Salesman-Nonretail,intact,white,22.2,N
Clerk,Proprietor,intact,white,4.1,P
Clerk,Clerk,intact,white,110.3,N
Clerk,Salesman-Retail,intact,white,27.3,P
Clerk,Craftsman-Manufacturing,intact,white,16.6,N
Clerk,Craftsmen-Other,intact,white,36.9,N
Clerk,Craftsman-Construction,intact,white,9.8,N
Clerk,Service_Worker,intact,white,15.1,N
Clerk,Operative-Nonmanufacturing,intact,white,52,N
Clerk,Operative-Manufacturing,intact,white,63.2,N
Clerk,Laborer-Manufacturing,intact,white,19.6,P
Clerk,Laborer-Nonmanufacturing,intact,white,27.8,N
Clerk,Farmer/Farm_Manager,intact,white,2.3,P
Clerk,Farm_Laborer,intact,white,8.9,P
Salesman-Retail,Professional_Self-Employed,intact,white,4.7,N
Salesman-Retail,Professional-Salaried,intact,white,60,N
Salesman-Retail,Manager,intact,white,16.4,N
Salesman-Retail,Salesman-Nonretail,intact,white,17.3,N
Salesman-Retail,Proprietor,intact,white,2.3,N
Salesman-Retail,Clerk,intact,white,44.2,N
Salesman-Retail,Salesman-Retail,intact,white,38.1,P
Salesman-Retail,Craftsman-Manufacturing,intact,white,10.3,P
Salesman-Retail,Craftsmen-Other,intact,white,16.7,N
Salesman-Retail,Craftsman-Construction,intact,white,5.9,P
Salesman-Retail,Service_Worker,intact,white,7.4,P
Salesman-Retail,Operative-Nonmanufacturing,intact,white,34.7,P
Salesman-Retail,Operative-Manufacturing,intact,white,35.5,N
Salesman-Retail,Laborer-Manufacturing,intact,white,9.8,P
Salesman-Retail,Laborer-Nonmanufacturing,intact,white,10.5,P
Salesman-Retail,Farmer/Farm_Manager,intact,white,2.9,P
Salesman-Retail,Farm_Laborer,intact,white,3.1,P
Craftsman-Manufacturing,Professional_Self-Employed,intact,white,7.3,P
Craftsman-Manufacturing,Professional-Salaried,intact,white,193.8,N
Craftsman-Manufacturing,Manager,intact,white,46.6,N
Craftsman-Manufacturing,Salesman-Nonretail,intact,white,31.4,N
Craftsman-Manufacturing,Proprietor,intact,white,2.3,N
Craftsman-Manufacturing,Clerk,intact,white,157.7,N
Craftsman-Manufacturing,Salesman-Retail,intact,white,46.4,N
Craftsman-Manufacturing,Craftsman-Manufacturing,intact,white,138.3,N
Craftsman-Manufacturing,Craftsmen-Other,intact,white,61.3,N
Craftsman-Manufacturing,Craftsman-Construction,intact,white,25.8,N
Craftsman-Manufacturing,Service_Worker,intact,white,50.7,N
Craftsman-Manufacturing,Operative-Nonmanufacturing,intact,white,91.9,N
Craftsman-Manufacturing,Operative-Manufacturing,intact,white,236.9,N
Craftsman-Manufacturing,Laborer-Manufacturing,intact,white,72.8,N
Craftsman-Manufacturing,Laborer-Nonmanufacturing,intact,white,66.1,N
Craftsman-Manufacturing,Farmer/Farm_Manager,intact,white,7.3,P
Craftsman-Manufacturing,Farm_Laborer,intact,white,11.9,P
Craftsmen-Other,Professional_Self-Employed,intact,white,6.4,P
Craftsmen-Other,Professional-Salaried,intact,white,194.2,N
Craftsmen-Other,Manager,intact,white,46.6,N
Craftsmen-Other,Salesman-Nonretail,intact,white,33.2,N
Craftsmen-Other,Proprietor,intact,white,2.7,N
Craftsmen-Other,Clerk,intact,white,152.6,N
Craftsmen-Other,Salesman-Retail,intact,white,48.5,N
Craftsmen-Other,Craftsman-Manufacturing,intact,white,58.2,N
Craftsmen-Other,Craftsmen-Other,intact,white,180.7,N
Craftsmen-Other,Craftsman-Construction,intact,white,45.6,N
Craftsmen-Other,Service_Worker,intact,white,43.5,N
Craftsmen-Other,Operative-Nonmanufacturing,intact,white,163.7,N
Craftsmen-Other,Operative-Manufacturing,intact,white,148.3,N
Craftsmen-Other,Laborer-Manufacturing,intact,white,35,N
Craftsmen-Other,Laborer-Nonmanufacturing,intact,white,99.5,N
Craftsmen-Other,Farmer/Farm_Manager,intact,white,5.9,P
Craftsmen-Other,Farm_Laborer,intact,white,26.9,P
Craftsman-Construction,Professional_Self-Employed,intact,white,5.8,P
Craftsman-Construction,Professional-Salaried,intact,white,120.3,N
Craftsman-Construction,Manager,intact,white,26.7,N
Craftsman-Construction,Salesman-Nonretail,intact,white,18.2,N
Craftsman-Construction,Proprietor,intact,white,5.1,N
Craftsman-Construction,Clerk,intact,white,112.9,N
Craftsman-Construction,Salesman-Retail,intact,white,47,N
Craftsman-Construction,Craftsman-Manufacturing,intact,white,45.7,N
Craftsman-Construction,Craftsmen-Other,intact,white,62.6,N
Craftsman-Construction,Craftsman-Construction,intact,white,154.3,N
Craftsman-Construction,Service_Worker,intact,white,33.5,N
Craftsman-Construction,Operative-Nonmanufacturing,intact,white,115.6,N
Craftsman-Construction,Operative-Manufacturing,intact,white,131.8,N
Craftsman-Construction,Laborer-Manufacturing,intact,white,33.8,P
Craftsman-Construction,Laborer-Nonmanufacturing,intact,white,106.5,N
Craftsman-Construction,Farmer/Farm_Manager,intact,white,4.2,P
Craftsman-Construction,Farm_Laborer,intact,white,33.1,P
Service_Worker,Professional_Self-Employed,intact,white,3.3,P
Service_Worker,Professional-Salaried,intact,white,72.7,N
Service_Worker,Manager,intact,white,30,N
Service_Worker,Salesman-Nonretail,intact,white,17.7,N
Service_Worker,Proprietor,intact,white,1.7,N
Service_Worker,Clerk,intact,white,96.9,N
Service_Worker,Salesman-Retail,intact,white,28.2,N
Service_Worker,Craftsman-Manufacturing,intact,white,33.7,N
Service_Worker,Craftsmen-Other,intact,white,31.7,N
Service_Worker,Craftsman-Construction,intact,white,14.8,N
Service_Worker,Service_Worker,intact,white,44.1,N
Service_Worker,Operative-Nonmanufacturing,intact,white,55.9,N
Service_Worker,Operative-Manufacturing,intact,white,81.5,N
Service_Worker,Laborer-Manufacturing,intact,white,20.9,P
Service_Worker,Laborer-Nonmanufacturing,intact,white,36.6,N
Service_Worker,Farmer/Farm_Manager,intact,white,4.5,P
Service_Worker,Farm_Laborer,intact,white,8.6,P
Operative-Nonmanufacturing,Professional_Self-Employed,intact,white,3.8,P
Operative-Nonmanufacturing,Professional-Salaried,intact,white,117,N
Operative-Nonmanufacturing,Manager,intact,white,23.3,N
Operative-Nonmanufacturing,Salesman-Nonretail,intact,white,15.5,N
Operative-Nonmanufacturing,Proprietor,intact,white,5.4,N
Operative-Nonmanufacturing,Clerk,intact,white,149.3,N
Operative-Nonmanufacturing,Salesman-Retail,intact,white,58,N
Operative-Nonmanufacturing,Craftsman-Manufacturing,intact,white,42.9,N
Operative-Nonmanufacturing,Craftsmen-Other,intact,white,84.8,N
Operative-Nonmanufacturing,Craftsman-Construction,intact,white,41.1,N
Operative-Nonmanufacturing,Service_Worker,intact,white,51.6,N
Operative-Nonmanufacturing,Operative-Nonmanufacturing,intact,white,307.9,N
Operative-Nonmanufacturing,Operative-Manufacturing,intact,white,195.6,N
Operative-Nonmanufacturing,Laborer-Manufacturing,intact,white,54,N
Operative-Nonmanufacturing,Laborer-Nonmanufacturing,intact,white,117.2,N
Operative-Nonmanufacturing,Farmer/Farm_Manager,intact,white,8.7,P
Operative-Nonmanufacturing,Farm_Laborer,intact,white,44.5,P
Operative-Manufacturing,Professional_Self-Employed,intact,white,7.9,P
Operative-Manufacturing,Professional-Salaried,intact,white,127.9,N
Operative-Manufacturing,Manager,intact,white,26.6,N
Operative-Manufacturing,Salesman-Nonretail,intact,white,19.9,N
Operative-Manufacturing,Proprietor,intact,white,0.5,N
Operative-Manufacturing,Clerk,intact,white,147.2,N
Operative-Manufacturing,Salesman-Retail,intact,white,64,N
Operative-Manufacturing,Craftsman-Manufacturing,intact,white,87.4,N
Operative-Manufacturing,Craftsmen-Other,intact,white,74.2,N
Operative-Manufacturing,Craftsman-Construction,intact,white,25.5,N
Operative-Manufacturing,Service_Worker,intact,white,57.1,N
Operative-Manufacturing,Operative-Nonmanufacturing,intact,white,124,N
Operative-Manufacturing,Operative-Manufacturing,intact,white,427.4,N
Operative-Manufacturing,Laborer-Manufacturing,intact,white,88.7,N
Operative-Manufacturing,Laborer-Nonmanufacturing,intact,white,81.9,N
Operative-Manufacturing,Farmer/Farm_Manager,intact,white,6.8,P
Operative-Manufacturing,Farm_Laborer,intact,white,29.9,P
Laborer-Manufacturing,Professional_Self-Employed,intact,white,2.3,P
Laborer-Manufacturing,Professional-Salaried,intact,white,24.4,N
Laborer-Manufacturing,Manager,intact,white,3.1,N
Laborer-Manufacturing,Salesman-Nonretail,intact,white,3,P
Laborer-Manufacturing,Proprietor,intact,white,0,P
Laborer-Manufacturing,Clerk,intact,white,27.9,N
Laborer-Manufacturing,Salesman-Retail,intact,white,9.5,P
Laborer-Manufacturing,Craftsman-Manufacturing,intact,white,24.8,N
Laborer-Manufacturing,Craftsmen-Other,intact,white,19.2,N
Laborer-Manufacturing,Craftsman-Construction,intact,white,10,N
Laborer-Manufacturing,Service_Worker,intact,white,9,P
Laborer-Manufacturing,Operative-Nonmanufacturing,intact,white,40.8,N
Laborer-Manufacturing,Operative-Manufacturing,intact,white,69.9,N
Laborer-Manufacturing,Laborer-Manufacturing,intact,white,69.6,N
Laborer-Manufacturing,Laborer-Nonmanufacturing,intact,white,23.9,P
Laborer-Manufacturing,Farmer/Farm_Manager,intact,white,0.7,P
Laborer-Manufacturing,Farm_Laborer,intact,white,17.7,P
Laborer-Nonmanufacturing,Professional_Self-Employed,intact,white,3.8,P
Laborer-Nonmanufacturing,Professional-Salaried,intact,white,41.8,N
Laborer-Nonmanufacturing,Manager,intact,white,11.1,N
Laborer-Nonmanufacturing,Salesman-Nonretail,intact,white,7.1,P
Laborer-Nonmanufacturing,Proprietor,intact,white,4,P
Laborer-Nonmanufacturing,Clerk,intact,white,64.4,N
Laborer-Nonmanufacturing,Salesman-Retail,intact,white,20.3,P
Laborer-Nonmanufacturing,Craftsman-Manufacturing,intact,white,26.1,N
Laborer-Nonmanufacturing,Craftsmen-Other,intact,white,34.9,N
Laborer-Nonmanufacturing,Craftsman-Construction,intact,white,25.5,N
Laborer-Nonmanufacturing,Service_Worker,intact,white,25.5,N
Laborer-Nonmanufacturing,Operative-Nonmanufacturing,intact,white,71.4,N
Laborer-Nonmanufacturing,Operative-Manufacturing,intact,white,92.4,N
Laborer-Nonmanufacturing,Laborer-Manufacturing,intact,white,31.4,P
Laborer-Nonmanufacturing,Laborer-Nonmanufacturing,intact,white,89,N
Laborer-Nonmanufacturing,Farmer/Farm_Manager,intact,white,5.2,P
Laborer-Nonmanufacturing,Farm_Laborer,intact,white,30.6,P
Farmer/Farm_Manager,Professional_Self-Employed,intact,white,11.6,N
Farmer/Farm_Manager,Professional-Salaried,intact,white,210.8,N
Farmer/Farm_Manager,Manager,intact,white,50.1,N
Farmer/Farm_Manager,Salesman-Nonretail,intact,white,29.3,N
Farmer/Farm_Manager,Proprietor,intact,white,8.9,N
Farmer/Farm_Manager,Clerk,intact,white,157.1,N
Farmer/Farm_Manager,Salesman-Retail,intact,white,81.6,N
Farmer/Farm_Manager,Craftsman-Manufacturing,intact,white,69.7,N
Farmer/Farm_Manager,Craftsmen-Other,intact,white,118.1,N
Farmer/Farm_Manager,Craftsman-Construction,intact,white,94.2,N
Farmer/Farm_Manager,Service_Worker,intact,white,62.5,N
Farmer/Farm_Manager,Operative-Nonmanufacturing,intact,white,250.1,N
Farmer/Farm_Manager,Operative-Manufacturing,intact,white,294.7,N
Farmer/Farm_Manager,Laborer-Manufacturing,intact,white,89.1,N
Farmer/Farm_Manager,Laborer-Nonmanufacturing,intact,white,167.6,N
Farmer/Farm_Manager,Farmer/Farm_Manager,intact,white,377.7,N
Farmer/Farm_Manager,Farm_Laborer,intact,white,746.3,N
Farm_Laborer,Professional_Self-Employed,intact,white,1.5,P
Farm_Laborer,Professional-Salaried,intact,white,23.6,N
Farm_Laborer,Manager,intact,white,7.3,N
Farm_Laborer,Salesman-Nonretail,intact,white,3.2,P
Farm_Laborer,Proprietor,intact,white,1.5,P
Farm_Laborer,Clerk,intact,white,27.3,N
Farm_Laborer,Salesman-Retail,intact,white,16.5,P
Farm_Laborer,Craftsman-Manufacturing,intact,white,17.4,N
Farm_Laborer,Craftsmen-Other,intact,white,28.2,N
Farm_Laborer,Craftsman-Construction,intact,white,14.6,N
Farm_Laborer,Service_Worker,intact,white,20.5,N
Farm_Laborer,Operative-Nonmanufacturing,intact,white,64.4,N
Farm_Laborer,Operative-Manufacturing,intact,white,81.5,N
Farm_Laborer,Laborer-Manufacturing,intact,white,19.1,N
Farm_Laborer,Laborer-Nonmanufacturing,intact,white,40.8,N
Farm_Laborer,Farmer/Farm_Manager,intact,white,11.2,N
Farm_Laborer,Farm_Laborer,intact,white,239.3,N
Professional_Self-Employed,Professional_Self-Employed,nonintact,white,0.9,P
Professional_Self-Employed,Professional-Salaried,nonintact,white,5,P
Professional_Self-Employed,Manager,nonintact,white,1.1,P
Professional_Self-Employed,Salesman-Nonretail,nonintact,white,2.1,P
Professional_Self-Employed,Proprietor,nonintact,white,0,P
Professional_Self-Employed,Clerk,nonintact,white,2.1,P
Professional_Self-Employed,Salesman-Retail,nonintact,white,1.5,P
Professional_Self-Employed,Craftsman-Manufacturing,nonintact,white,0,P
Professional_Self-Employed,Craftsmen-Other,nonintact,white,0,P
Professional_Self-Employed,Craftsman-Construction,nonintact,white,0.9,P
Professional_Self-Employed,Service_Worker,nonintact,white,0.8,P
Professional_Self-Employed,Operative-Nonmanufacturing,nonintact,white,2.3,P
Professional_Self-Employed,Operative-Manufacturing,nonintact,white,1.9,P
Professional_Self-Employed,Laborer-Manufacturing,nonintact,white,1.6,P
Professional_Self-Employed,Laborer-Nonmanufacturing,nonintact,white,0.9,P
Professional_Self-Employed,Farmer/Farm_Manager,nonintact,white,0.7,P
Professional_Self-Employed,Farm_Laborer,nonintact,white,0,P
Professional-Salaried,Professional_Self-Employed,nonintact,white,0,P
Professional-Salaried,Professional-Salaried,nonintact,white,33.9,N
Professional-Salaried,Manager,nonintact,white,5.6,P
Professional-Salaried,Salesman-Nonretail,nonintact,white,4,P
Professional-Salaried,Proprietor,nonintact,white,0.8,P
Professional-Salaried,Clerk,nonintact,white,11.6,P
Professional-Salaried,Salesman-Retail,nonintact,white,5.1,P
Professional-Salaried,Craftsman-Manufacturing,nonintact,white,5.4,P
Professional-Salaried,Craftsmen-Other,nonintact,white,4.3,P
Professional-Salaried,Craftsman-Construction,nonintact,white,1.5,P
Professional-Salaried,Service_Worker,nonintact,white,8.6,P
Professional-Salaried,Operative-Nonmanufacturing,nonintact,white,8.5,P
Professional-Salaried,Operative-Manufacturing,nonintact,white,9.5,P
Professional-Salaried,Laborer-Manufacturing,nonintact,white,2.4,P
Professional-Salaried,Laborer-Nonmanufacturing,nonintact,white,4.6,P
Professional-Salaried,Farmer/Farm_Manager,nonintact,white,0.8,P
Professional-Salaried,Farm_Laborer,nonintact,white,4.2,P
Manager,Professional_Self-Employed,nonintact,white,1.3,P
Manager,Professional-Salaried,nonintact,white,14,P
Manager,Manager,nonintact,white,1.5,P
Manager,Salesman-Nonretail,nonintact,white,6.8,P
Manager,Proprietor,nonintact,white,0.6,P
Manager,Clerk,nonintact,white,10.3,P
Manager,Salesman-Retail,nonintact,white,6.3,P
Manager,Craftsman-Manufacturing,nonintact,white,2.3,P
Manager,Craftsmen-Other,nonintact,white,4.4,P
Manager,Craftsman-Construction,nonintact,white,1.6,P
Manager,Service_Worker,nonintact,white,3.2,P
Manager,Operative-Nonmanufacturing,nonintact,white,7.6,P
Manager,Operative-Manufacturing,nonintact,white,3.4,P
Manager,Laborer-Manufacturing,nonintact,white,2.5,P
Manager,Laborer-Nonmanufacturing,nonintact,white,5.7,P
Manager,Farmer/Farm_Manager,nonintact,white,0,P
Manager,Farm_Laborer,nonintact,white,1.6,P
Salesman-Nonretail,Professional_Self-Employed,nonintact,white,0,P
Salesman-Nonretail,Professional-Salaried,nonintact,white,4.8,P
Salesman-Nonretail,Manager,nonintact,white,3.7,P
Salesman-Nonretail,Salesman-Nonretail,nonintact,white,3.4,P
Salesman-Nonretail,Proprietor,nonintact,white,0,P
Salesman-Nonretail,Clerk,nonintact,white,3.2,P
Salesman-Nonretail,Salesman-Retail,nonintact,white,0.7,P
Salesman-Nonretail,Craftsman-Manufacturing,nonintact,white,0.8,P
Salesman-Nonretail,Craftsmen-Other,nonintact,white,0.6,P
Salesman-Nonretail,Craftsman-Construction,nonintact,white,0.4,P
Salesman-Nonretail,Service_Worker,nonintact,white,1.7,P
Salesman-Nonretail,Operative-Nonmanufacturing,nonintact,white,3.7,P
Salesman-Nonretail,Operative-Manufacturing,nonintact,white,2.4,P
Salesman-Nonretail,Laborer-Manufacturing,nonintact,white,0,P
Salesman-Nonretail,Laborer-Nonmanufacturing,nonintact,white,1.5,P
Salesman-Nonretail,Farmer/Farm_Manager,nonintact,white,0,P
Salesman-Nonretail,Farm_Laborer,nonintact,white,0,P
Proprietor,Professional_Self-Employed,nonintact,white,1.5,P
Proprietor,Professional-Salaried,nonintact,white,13.3,P
Proprietor,Manager,nonintact,white,6.5,P
Proprietor,Salesman-Nonretail,nonintact,white,4,P
Proprietor,Proprietor,nonintact,white,3,P
Proprietor,Clerk,nonintact,white,10.4,P
Proprietor,Salesman-Retail,nonintact,white,5,P
Proprietor,Craftsman-Manufacturing,nonintact,white,1.2,P
Proprietor,Craftsmen-Other,nonintact,white,6.5,P
Proprietor,Craftsman-Construction,nonintact,white,3.7,P
Proprietor,Service_Worker,nonintact,white,4.9,P
Proprietor,Operative-Nonmanufacturing,nonintact,white,7.6,P
Proprietor,Operative-Manufacturing,nonintact,white,18.1,P
Proprietor,Laborer-Manufacturing,nonintact,white,3,P
Proprietor,Laborer-Nonmanufacturing,nonintact,white,7.3,P
Proprietor,Farmer/Farm_Manager,nonintact,white,0.4,P
Proprietor,Farm_Laborer,nonintact,white,2.6,P
Clerk,Professional_Self-Employed,nonintact,white,1.4,P
Clerk,Professional-Salaried,nonintact,white,40.5,N
Clerk,Manager,nonintact,white,7.5,N
Clerk,Salesman-Nonretail,nonintact,white,4.2,P
Clerk,Proprietor,nonintact,white,0,P
Clerk,Clerk,nonintact,white,26.5,N
Clerk,Salesman-Retail,nonintact,white,14.4,P
Clerk,Craftsman-Manufacturing,nonintact,white,4.8,P
Clerk,Craftsmen-Other,nonintact,white,7,P
Clerk,Craftsman-Construction,nonintact,white,9.2,P
Clerk,Service_Worker,nonintact,white,12.6,P
Clerk,Operative-Nonmanufacturing,nonintact,white,16.3,P
Clerk,Operative-Manufacturing,nonintact,white,23.8,P
Clerk,Laborer-Manufacturing,nonintact,white,5.6,P
Clerk,Laborer-Nonmanufacturing,nonintact,white,11,P
Clerk,Farmer/Farm_Manager,nonintact,white,0.8,P
Clerk,Farm_Laborer,nonintact,white,1.4,P
Salesman-Retail,Professional_Self-Employed,nonintact,white,0,P
Salesman-Retail,Professional-Salaried,nonintact,white,16.2,P
Salesman-Retail,Manager,nonintact,white,3.3,P
Salesman-Retail,Salesman-Nonretail,nonintact,white,2.5,P
Salesman-Retail,Proprietor,nonintact,white,0,P
Salesman-Retail,Clerk,nonintact,white,11.4,P
Salesman-Retail,Salesman-Retail,nonintact,white,5.9,P
Salesman-Retail,Craftsman-Manufacturing,nonintact,white,2.3,P
Salesman-Retail,Craftsmen-Other,nonintact,white,5.5,P
Salesman-Retail,Craftsman-Construction,nonintact,white,2.3,P
Salesman-Retail,Service_Worker,nonintact,white,4,P
Salesman-Retail,Operative-Nonmanufacturing,nonintact,white,10.6,P
Salesman-Retail,Operative-Manufacturing,nonintact,white,8.4,P
Salesman-Retail,Laborer-Manufacturing,nonintact,white,1.6,P
Salesman-Retail,Laborer-Nonmanufacturing,nonintact,white,6.8,P
Salesman-Retail,Farmer/Farm_Manager,nonintact,white,0,P
Salesman-Retail,Farm_Laborer,nonintact,white,0,P
Craftsman-Manufacturing,Professional_Self-Employed,nonintact,white,0,P
Craftsman-Manufacturing,Professional-Salaried,nonintact,white,10.6,P
Craftsman-Manufacturing,Manager,nonintact,white,2.6,P
Craftsman-Manufacturing,Salesman-Nonretail,nonintact,white,0.8,P
Craftsman-Manufacturing,Proprietor,nonintact,white,0,P
Craftsman-Manufacturing,Clerk,nonintact,white,9.6,P
Craftsman-Manufacturing,Salesman-Retail,nonintact,white,3.7,P
Craftsman-Manufacturing,Craftsman-Manufacturing,nonintact,white,7,P
Craftsman-Manufacturing,Craftsmen-Other,nonintact,white,3.4,P
Craftsman-Manufacturing,Craftsman-Construction,nonintact,white,2.5,P
Craftsman-Manufacturing,Service_Worker,nonintact,white,4.8,P
Craftsman-Manufacturing,Operative-Nonmanufacturing,nonintact,white,9.2,P
Craftsman-Manufacturing,Operative-Manufacturing,nonintact,white,16.8,P
Craftsman-Manufacturing,Laborer-Manufacturing,nonintact,white,3.2,P
Craftsman-Manufacturing,Laborer-Nonmanufacturing,nonintact,white,3.1,P
Craftsman-Manufacturing,Farmer/Farm_Manager,nonintact,white,0.7,P
Craftsman-Manufacturing,Farm_Laborer,nonintact,white,3.1,P
Craftsmen-Other,Professional_Self-Employed,nonintact,white,0,P
Craftsmen-Other,Professional-Salaried,nonintact,white,15.1,P
Craftsmen-Other,Manager,nonintact,white,4.1,P
Craftsmen-Other,Salesman-Nonretail,nonintact,white,1.7,P
Craftsmen-Other,Proprietor,nonintact,white,0.8,P
Craftsmen-Other,Clerk,nonintact,white,8.8,P
Craftsmen-Other,Salesman-Retail,nonintact,white,4.2,P
Craftsmen-Other,Craftsman-Manufacturing,nonintact,white,3.9,P
Craftsmen-Other,Craftsmen-Other,nonintact,white,8.6,P
Craftsmen-Other,Craftsman-Construction,nonintact,white,4.3,P
Craftsmen-Other,Service_Worker,nonintact,white,6.5,P
Craftsmen-Other,Operative-Nonmanufacturing,nonintact,white,18.3,P
Craftsmen-Other,Operative-Manufacturing,nonintact,white,11.5,P
Craftsmen-Other,Laborer-Manufacturing,nonintact,white,5.8,P
Craftsmen-Other,Laborer-Nonmanufacturing,nonintact,white,6,P
Craftsmen-Other,Farmer/Farm_Manager,nonintact,white,0,P
Craftsmen-Other,Farm_Laborer,nonintact,white,5,P
Craftsman-Construction,Professional_Self-Employed,nonintact,white,0,P
Craftsman-Construction,Professional-Salaried,nonintact,white,4.6,P
Craftsman-Construction,Manager,nonintact,white,1.9,P
Craftsman-Construction,Salesman-Nonretail,nonintact,white,0.9,P
Craftsman-Construction,Proprietor,nonintact,white,0.8,P
Craftsman-Construction,Clerk,nonintact,white,10.4,P
Craftsman-Construction,Salesman-Retail,nonintact,white,2.3,P
Craftsman-Construction,Craftsman-Manufacturing,nonintact,white,6.6,P
Craftsman-Construction,Craftsmen-Other,nonintact,white,5.8,P
Craftsman-Construction,Craftsman-Construction,nonintact,white,8.1,P
Craftsman-Construction,Service_Worker,nonintact,white,3.8,P
Craftsman-Construction,Operative-Nonmanufacturing,nonintact,white,12.8,P
Craftsman-Construction,Operative-Manufacturing,nonintact,white,13,P
Craftsman-Construction,Laborer-Manufacturing,nonintact,white,0.9,P
Craftsman-Construction,Laborer-Nonmanufacturing,nonintact,white,14,P
Craftsman-Construction,Farmer/Farm_Manager,nonintact,white,0,P
Craftsman-Construction,Farm_Laborer,nonintact,white,4.4,P
Service_Worker,Professional_Self-Employed,nonintact,white,4.2,P
Service_Worker,Professional-Salaried,nonintact,white,30.5,N
Service_Worker,Manager,nonintact,white,13.3,N
Service_Worker,Salesman-Nonretail,nonintact,white,3,P
Service_Worker,Proprietor,nonintact,white,0.9,P
Service_Worker,Clerk,nonintact,white,40.7,N
Service_Worker,Salesman-Retail,nonintact,white,15.6,P
Service_Worker,Craftsman-Manufacturing,nonintact,white,13.7,N
Service_Worker,Craftsmen-Other,nonintact,white,22.9,N
Service_Worker,Craftsman-Construction,nonintact,white,13.1,N
Service_Worker,Service_Worker,nonintact,white,21.5,N
Service_Worker,Operative-Nonmanufacturing,nonintact,white,37.5,N
Service_Worker,Operative-Manufacturing,nonintact,white,39.3,N
Service_Worker,Laborer-Manufacturing,nonintact,white,13,P
Service_Worker,Laborer-Nonmanufacturing,nonintact,white,36.2,N
Service_Worker,Farmer/Farm_Manager,nonintact,white,0.9,P
Service_Worker,Farm_Laborer,nonintact,white,18.9,P
Operative-Nonmanufacturing,Professional_Self-Employed,nonintact,white,0.7,P
Operative-Nonmanufacturing,Professional-Salaried,nonintact,white,12.5,P
Operative-Nonmanufacturing,Manager,nonintact,white,6,N
Operative-Nonmanufacturing,Salesman-Nonretail,nonintact,white,0.8,P
Operative-Nonmanufacturing,Proprietor,nonintact,white,0,P
Operative-Nonmanufacturing,Clerk,nonintact,white,19.5,P
Operative-Nonmanufacturing,Salesman-Retail,nonintact,white,8.4,P
Operative-Nonmanufacturing,Craftsman-Manufacturing,nonintact,white,8,P
Operative-Nonmanufacturing,Craftsmen-Other,nonintact,white,11.1,N
Operative-Nonmanufacturing,Craftsman-Construction,nonintact,white,4.1,P
Operative-Nonmanufacturing,Service_Worker,nonintact,white,11.1,P
Operative-Nonmanufacturing,Operative-Nonmanufacturing,nonintact,white,51.5,N
Operative-Nonmanufacturing,Operative-Manufacturing,nonintact,white,23,N
Operative-Nonmanufacturing,Laborer-Manufacturing,nonintact,white,8.2,P
Operative-Nonmanufacturing,Laborer-Nonmanufacturing,nonintact,white,13,P
Operative-Nonmanufacturing,Farmer/Farm_Manager,nonintact,white,1.7,P
Operative-Nonmanufacturing,Farm_Laborer,nonintact,white,7.1,P
Operative-Manufacturing,Professional_Self-Employed,nonintact,white,1.6,P
Operative-Manufacturing,Professional-Salaried,nonintact,white,25.7,N
Operative-Manufacturing,Manager,nonintact,white,8,N
Operative-Manufacturing,Salesman-Nonretail,nonintact,white,5.6,P
Operative-Manufacturing,Proprietor,nonintact,white,0.7,P
Operative-Manufacturing,Clerk,nonintact,white,29.7,N
Operative-Manufacturing,Salesman-Retail,nonintact,white,6.2,P
Operative-Manufacturing,Craftsman-Manufacturing,nonintact,white,14.1,N
Operative-Manufacturing,Craftsmen-Other,nonintact,white,14.4,N
Operative-Manufacturing,Craftsman-Construction,nonintact,white,7,P
Operative-Manufacturing,Service_Worker,nonintact,white,10.8,P
Operative-Manufacturing,Operative-Nonmanufacturing,nonintact,white,30.4,N
Operative-Manufacturing,Operative-Manufacturing,nonintact,white,68.3,N
Operative-Manufacturing,Laborer-Manufacturing,nonintact,white,13.4,P
Operative-Manufacturing,Laborer-Nonmanufacturing,nonintact,white,22.3,P
Operative-Manufacturing,Farmer/Farm_Manager,nonintact,white,3.3,P
Operative-Manufacturing,Farm_Laborer,nonintact,white,3.2,P
Laborer-Manufacturing,Professional_Self-Employed,nonintact,white,0,P
Laborer-Manufacturing,Professional-Salaried,nonintact,white,1.8,P
Laborer-Manufacturing,Manager,nonintact,white,0.8,P
Laborer-Manufacturing,Salesman-Nonretail,nonintact,white,1,P
Laborer-Manufacturing,Proprietor,nonintact,white,0,P
Laborer-Manufacturing,Clerk,nonintact,white,2.3,P
Laborer-Manufacturing,Salesman-Retail,nonintact,white,2.4,P
Laborer-Manufacturing,Craftsman-Manufacturing,nonintact,white,0.4,P
Laborer-Manufacturing,Craftsmen-Other,nonintact,white,1.5,P
Laborer-Manufacturing,Craftsman-Construction,nonintact,white,0.8,P
Laborer-Manufacturing,Service_Worker,nonintact,white,2.5,P
Laborer-Manufacturing,Operative-Nonmanufacturing,nonintact,white,3,P
Laborer-Manufacturing,Operative-Manufacturing,nonintact,white,8.8,P
Laborer-Manufacturing,Laborer-Manufacturing,nonintact,white,5.2,P
Laborer-Manufacturing,Laborer-Nonmanufacturing,nonintact,white,1.4,P
Laborer-Manufacturing,Farmer/Farm_Manager,nonintact,white,0,P
Laborer-Manufacturing,Farm_Laborer,nonintact,white,0.4,P
Laborer-Nonmanufacturing,Professional_Self-Employed,nonintact,white,0,P
Laborer-Nonmanufacturing,Professional-Salaried,nonintact,white,2.6,P
Laborer-Nonmanufacturing,Manager,nonintact,white,0,P
Laborer-Nonmanufacturing,Salesman-Nonretail,nonintact,white,0,P
Laborer-Nonmanufacturing,Proprietor,nonintact,white,0,P
Laborer-Nonmanufacturing,Clerk,nonintact,white,5.4,P
Laborer-Nonmanufacturing,Salesman-Retail,nonintact,white,1.6,P
Laborer-Nonmanufacturing,Craftsman-Manufacturing,nonintact,white,6.6,P
Laborer-Nonmanufacturing,Craftsmen-Other,nonintact,white,0.8,P
Laborer-Nonmanufacturing,Craftsman-Construction,nonintact,white,1.6,P
Laborer-Nonmanufacturing,Service_Worker,nonintact,white,0.7,P
Laborer-Nonmanufacturing,Operative-Nonmanufacturing,nonintact,white,6.9,P
Laborer-Nonmanufacturing,Operative-Manufacturing,nonintact,white,7.3,P
Laborer-Nonmanufacturing,Laborer-Manufacturing,nonintact,white,2.4,P
Laborer-Nonmanufacturing,Laborer-Nonmanufacturing,nonintact,white,15,P
Laborer-Nonmanufacturing,Farmer/Farm_Manager,nonintact,white,0,P
Laborer-Nonmanufacturing,Farm_Laborer,nonintact,white,3.4,P
Farmer/Farm_Manager,Professional_Self-Employed,nonintact,white,0.8,P
Farmer/Farm_Manager,Professional-Salaried,nonintact,white,16.9,P
Farmer/Farm_Manager,Manager,nonintact,white,5.1,N
Farmer/Farm_Manager,Salesman-Nonretail,nonintact,white,4.1,P
Farmer/Farm_Manager,Proprietor,nonintact,white,0.8,P
Farmer/Farm_Manager,Clerk,nonintact,white,8.6,P
Farmer/Farm_Manager,Salesman-Retail,nonintact,white,8.7,P
Farmer/Farm_Manager,Craftsman-Manufacturing,nonintact,white,6.2,N
Farmer/Farm_Manager,Craftsmen-Other,nonintact,white,12.8,N
Farmer/Farm_Manager,Craftsman-Construction,nonintact,white,14.7,N
Farmer/Farm_Manager,Service_Worker,nonintact,white,10.1,N
Farmer/Farm_Manager,Operative-Nonmanufacturing,nonintact,white,29.7,N
Farmer/Farm_Manager,Operative-Manufacturing,nonintact,white,37.1,N
Farmer/Farm_Manager,Laborer-Manufacturing,nonintact,white,17,P
Farmer/Farm_Manager,Laborer-Nonmanufacturing,nonintact,white,28,P
Farmer/Farm_Manager,Farmer/Farm_Manager,nonintact,white,29,N
Farmer/Farm_Manager,Farm_Laborer,nonintact,white,88.6,P
Farm_Laborer,Professional_Self-Employed,nonintact,white,0,P
Farm_Laborer,Professional-Salaried,nonintact,white,5.5,P
Farm_Laborer,Manager,nonintact,white,0,P
Farm_Laborer,Salesman-Nonretail,nonintact,white,0,P
Farm_Laborer,Proprietor,nonintact,white,0,P
Farm_Laborer,Clerk,nonintact,white,5.7,P
Farm_Laborer,Salesman-Retail,nonintact,white,2.1,P
Farm_Laborer,Craftsman-Manufacturing,nonintact,white,3.7,P
Farm_Laborer,Craftsmen-Other,nonintact,white,8.8,P
Farm_Laborer,Craftsman-Construction,nonintact,white,0.7,P
Farm_Laborer,Service_Worker,nonintact,white,2.4,P
Farm_Laborer,Operative-Nonmanufacturing,nonintact,white,5.1,P
Farm_Laborer,Operative-Manufacturing,nonintact,white,9.3,N
Farm_Laborer,Laborer-Manufacturing,nonintact,white,8.1,P
Farm_Laborer,Laborer-Nonmanufacturing,nonintact,white,9.4,P
Farm_Laborer,Farmer/Farm_Manager,nonintact,white,2,P
Farm_Laborer,Farm_Laborer,nonintact,white,46.2,P
Professional_Self-Employed,Professional_Self-Employed,intact,black,1.2,P
Professional_Self-Employed,Professional-Salaried,intact,black,0.9,P
Professional_Self-Employed,Manager,intact,black,0.5,P
Professional_Self-Employed,Salesman-Nonretail,intact,black,0,P
Professional_Self-Employed,Proprietor,intact,black,0,P
Professional_Self-Employed,Clerk,intact,black,1.1,P
Professional_Self-Employed,Salesman-Retail,intact,black,0.6,P
Professional_Self-Employed,Craftsman-Manufacturing,intact,black,0,P
Professional_Self-Employed,Craftsmen-Other,intact,black,0,P
Professional_Self-Employed,Craftsman-Construction,intact,black,0,P
Professional_Self-Employed,Service_Worker,intact,black,0,P
Professional_Self-Employed,Operative-Nonmanufacturing,intact,black,0,P
Professional_Self-Employed,Operative-Manufacturing,intact,black,0.4,P
Professional_Self-Employed,Laborer-Manufacturing,intact,black,0,P
Professional_Self-Employed,Laborer-Nonmanufacturing,intact,black,0,P
Professional_Self-Employed,Farmer/Farm_Manager,intact,black,0,P
Professional_Self-Employed,Farm_Laborer,intact,black,0.5,P
Professional-Salaried,Professional_Self-Employed,intact,black,0.6,P
Professional-Salaried,Professional-Salaried,intact,black,8.6,P
Professional-Salaried,Manager,intact,black,2,P
Professional-Salaried,Salesman-Nonretail,intact,black,0.9,P
Professional-Salaried,Proprietor,intact,black,0,P
Professional-Salaried,Clerk,intact,black,2.6,P
Professional-Salaried,Salesman-Retail,intact,black,1,P
Professional-Salaried,Craftsman-Manufacturing,intact,black,0.6,P
Professional-Salaried,Craftsmen-Other,intact,black,0,P
Professional-Salaried,Craftsman-Construction,intact,black,0,P
Professional-Salaried,Service_Worker,intact,black,3.6,P
Professional-Salaried,Operative-Nonmanufacturing,intact,black,1.7,P
Professional-Salaried,Operative-Manufacturing,intact,black,1.8,P
Professional-Salaried,Laborer-Manufacturing,intact,black,1.1,P
Professional-Salaried,Laborer-Nonmanufacturing,intact,black,0.9,P
Professional-Salaried,Farmer/Farm_Manager,intact,black,0,P
Professional-Salaried,Farm_Laborer,intact,black,0.7,P
Manager,Professional_Self-Employed,intact,black,0,P
Manager,Professional-Salaried,intact,black,2.2,P
Manager,Manager,intact,black,0,P
Manager,Salesman-Nonretail,intact,black,0,P
Manager,Proprietor,intact,black,0,P
Manager,Clerk,intact,black,2.4,P
Manager,Salesman-Retail,intact,black,1.3,P
Manager,Craftsman-Manufacturing,intact,black,0,P
Manager,Craftsmen-Other,intact,black,0.6,P
Manager,Craftsman-Construction,intact,black,0,P
Manager,Service_Worker,intact,black,0.7,P
Manager,Operative-Nonmanufacturing,intact,black,0.5,P
Manager,Operative-Manufacturing,intact,black,0.4,P
Manager,Laborer-Manufacturing,intact,black,0,P
Manager,Laborer-Nonmanufacturing,intact,black,1.2,P
Manager,Farmer/Farm_Manager,intact,black,0,P
Manager,Farm_Laborer,intact,black,0,P
Salesman-Nonretail,Professional_Self-Employed,intact,black,0,P
Salesman-Nonretail,Professional-Salaried,intact,black,1.3,P
Salesman-Nonretail,Manager,intact,black,0.7,P
Salesman-Nonretail,Salesman-Nonretail,intact,black,0,P
Salesman-Nonretail,Proprietor,intact,black,0,P
Salesman-Nonretail,Clerk,intact,black,0.5,P
Salesman-Nonretail,Salesman-Retail,intact,black,0,P
Salesman-Nonretail,Craftsman-Manufacturing,intact,black,0,P
Salesman-Nonretail,Craftsmen-Other,intact,black,0,P
Salesman-Nonretail,Craftsman-Construction,intact,black,0,P
Salesman-Nonretail,Service_Worker,intact,black,0,P
Salesman-Nonretail,Operative-Nonmanufacturing,intact,black,0.6,P
Salesman-Nonretail,Operative-Manufacturing,intact,black,0,P
Salesman-Nonretail,Laborer-Manufacturing,intact,black,0,P
Salesman-Nonretail,Laborer-Nonmanufacturing,intact,black,0,P
Salesman-Nonretail,Farmer/Farm_Manager,intact,black,0,P
Salesman-Nonretail,Farm_Laborer,intact,black,0,P
Proprietor,Professional_Self-Employed,intact,black,0,P
Proprietor,Professional-Salaried,intact,black,1.3,P
Proprietor,Manager,intact,black,0.6,P
Proprietor,Salesman-Nonretail,intact,black,0.5,P
Proprietor,Proprietor,intact,black,0.5,P
Proprietor,Clerk,intact,black,1.1,P
Proprietor,Salesman-Retail,intact,black,0,P
Proprietor,Craftsman-Manufacturing,intact,black,0.4,P
Proprietor,Craftsmen-Other,intact,black,0.6,P
Proprietor,Craftsman-Construction,intact,black,0.9,P
Proprietor,Service_Worker,intact,black,2,P
Proprietor,Operative-Nonmanufacturing,intact,black,0.8,P
Proprietor,Operative-Manufacturing,intact,black,2.9,P
Proprietor,Laborer-Manufacturing,intact,black,0,P
Proprietor,Laborer-Nonmanufacturing,intact,black,0.4,P
Proprietor,Farmer/Farm_Manager,intact,black,0,P
Proprietor,Farm_Laborer,intact,black,0,P
Clerk,Professional_Self-Employed,intact,black,0.4,P
Clerk,Professional-Salaried,intact,black,3.6,P
Clerk,Manager,intact,black,0.6,P
Clerk,Salesman-Nonretail,intact,black,0,P
Clerk,Proprietor,intact,black,0,P
Clerk,Clerk,intact,black,6.3,P
Clerk,Salesman-Retail,intact,black,0.4,P
Clerk,Craftsman-Manufacturing,intact,black,1.3,P
Clerk,Craftsmen-Other,intact,black,2.9,P
Clerk,Craftsman-Construction,intact,black,0,P
Clerk,Service_Worker,intact,black,4.3,P
Clerk,Operative-Nonmanufacturing,intact,black,2.9,P
Clerk,Operative-Manufacturing,intact,black,5.7,P
Clerk,Laborer-Manufacturing,intact,black,1.8,P
Clerk,Laborer-Nonmanufacturing,intact,black,0,P
Clerk,Farmer/Farm_Manager,intact,black,0,P
Clerk,Farm_Laborer,intact,black,0.9,P
Salesman-Retail,Professional_Self-Employed,intact,black,0,P
Salesman-Retail,Professional-Salaried,intact,black,0,P
Salesman-Retail,Manager,intact,black,0,P
Salesman-Retail,Salesman-Nonretail,intact,black,0,P
Salesman-Retail,Proprietor,intact,black,0,P
Salesman-Retail,Clerk,intact,black,0.5,P
Salesman-Retail,Salesman-Retail,intact,black,0.6,P
Salesman-Retail,Craftsman-Manufacturing,intact,black,0,P
Salesman-Retail,Craftsmen-Other,intact,black,0.5,P
Salesman-Retail,Craftsman-Construction,intact,black,0,P
Salesman-Retail,Service_Worker,intact,black,0,P
Salesman-Retail,Operative-Nonmanufacturing,intact,black,0.5,P
Salesman-Retail,Operative-Manufacturing,intact,black,0.8,P
Salesman-Retail,Laborer-Manufacturing,intact,black,0,P
Salesman-Retail,Laborer-Nonmanufacturing,intact,black,1.4,P
Salesman-Retail,Farmer/Farm_Manager,intact,black,0,P
Salesman-Retail,Farm_Laborer,intact,black,0,P
Craftsman-Manufacturing,Professional_Self-Employed,intact,black,0,P
Craftsman-Manufacturing,Professional-Salaried,intact,black,3.2,P
Craftsman-Manufacturing,Manager,intact,black,0,P
Craftsman-Manufacturing,Salesman-Nonretail,intact,black,0.8,P
Craftsman-Manufacturing,Proprietor,intact,black,0,P
Craftsman-Manufacturing,Clerk,intact,black,6.5,P
Craftsman-Manufacturing,Salesman-Retail,intact,black,1.9,P
Craftsman-Manufacturing,Craftsman-Manufacturing,intact,black,1.5,P
Craftsman-Manufacturing,Craftsmen-Other,intact,black,0.6,P
Craftsman-Manufacturing,Craftsman-Construction,intact,black,1,P
Craftsman-Manufacturing,Service_Worker,intact,black,2.7,P
Craftsman-Manufacturing,Operative-Nonmanufacturing,intact,black,2,P
Craftsman-Manufacturing,Operative-Manufacturing,intact,black,7.5,P
Craftsman-Manufacturing,Laborer-Manufacturing,intact,black,3.7,P
Craftsman-Manufacturing,Laborer-Nonmanufacturing,intact,black,5.2,P
Craftsman-Manufacturing,Farmer/Farm_Manager,intact,black,0,P
Craftsman-Manufacturing,Farm_Laborer,intact,black,0,P
Craftsmen-Other,Professional_Self-Employed,intact,black,0,P
Craftsmen-Other,Professional-Salaried,intact,black,5.1,P
Craftsmen-Other,Manager,intact,black,2.2,P
Craftsmen-Other,Salesman-Nonretail,intact,black,1,P
Craftsmen-Other,Proprietor,intact,black,0.6,P
Craftsmen-Other,Clerk,intact,black,6.8,P
Craftsmen-Other,Salesman-Retail,intact,black,1,P
Craftsmen-Other,Craftsman-Manufacturing,intact,black,1.5,P
Craftsmen-Other,Craftsmen-Other,intact,black,2.6,P
Craftsmen-Other,Craftsman-Construction,intact,black,1.1,P
Craftsmen-Other,Service_Worker,intact,black,5.1,P
Craftsmen-Other,Operative-Nonmanufacturing,intact,black,8.4,P
Craftsmen-Other,Operative-Manufacturing,intact,black,9.3,P
Craftsmen-Other,Laborer-Manufacturing,intact,black,3.5,P
Craftsmen-Other,Laborer-Nonmanufacturing,intact,black,4,P
Craftsmen-Other,Farmer/Farm_Manager,intact,black,0,P
Craftsmen-Other,Farm_Laborer,intact,black,2.1,P
Craftsman-Construction,Professional_Self-Employed,intact,black,0.5,P
Craftsman-Construction,Professional-Salaried,intact,black,4.1,P
Craftsman-Construction,Manager,intact,black,3,P
Craftsman-Construction,Salesman-Nonretail,intact,black,1.1,P
Craftsman-Construction,Proprietor,intact,black,0,P
Craftsman-Construction,Clerk,intact,black,5.2,P
Craftsman-Construction,Salesman-Retail,intact,black,0,P
Craftsman-Construction,Craftsman-Manufacturing,intact,black,1.1,P
Craftsman-Construction,Craftsmen-Other,intact,black,0,P
Craftsman-Construction,Craftsman-Construction,intact,black,6.7,P
Craftsman-Construction,Service_Worker,intact,black,4.2,P
Craftsman-Construction,Operative-Nonmanufacturing,intact,black,8.3,P
Craftsman-Construction,Operative-Manufacturing,intact,black,10.5,P
Craftsman-Construction,Laborer-Manufacturing,intact,black,4,P
Craftsman-Construction,Laborer-Nonmanufacturing,intact,black,6.2,P
Craftsman-Construction,Farmer/Farm_Manager,intact,black,0,P
Craftsman-Construction,Farm_Laborer,intact,black,1.4,P
Service_Worker,Professional_Self-Employed,intact,black,0.5,P
Service_Worker,Professional-Salaried,intact,black,6.4,P
Service_Worker,Manager,intact,black,1.6,P
Service_Worker,Salesman-Nonretail,intact,black,0.4,P
Service_Worker,Proprietor,intact,black,0,P
Service_Worker,Clerk,intact,black,10.2,P
Service_Worker,Salesman-Retail,intact,black,0.9,P
Service_Worker,Craftsman-Manufacturing,intact,black,1,P
Service_Worker,Craftsmen-Other,intact,black,5.4,P
Service_Worker,Craftsman-Construction,intact,black,2.7,P
Service_Worker,Service_Worker,intact,black,13.7,P
Service_Worker,Operative-Nonmanufacturing,intact,black,10.8,P
Service_Worker,Operative-Manufacturing,intact,black,11.3,P
Service_Worker,Laborer-Manufacturing,intact,black,3.7,P
Service_Worker,Laborer-Nonmanufacturing,intact,black,10.4,P
Service_Worker,Farmer/Farm_Manager,intact,black,0,P
Service_Worker,Farm_Laborer,intact,black,2,P
Operative-Nonmanufacturing,Professional_Self-Employed,intact,black,0,P
Operative-Nonmanufacturing,Professional-Salaried,intact,black,8.7,P
Operative-Nonmanufacturing,Manager,intact,black,2.1,P
Operative-Nonmanufacturing,Salesman-Nonretail,intact,black,1.8,P
Operative-Nonmanufacturing,Proprietor,intact,black,0.5,P
Operative-Nonmanufacturing,Clerk,intact,black,11.3,P
Operative-Nonmanufacturing,Salesman-Retail,intact,black,2.8,P
Operative-Nonmanufacturing,Craftsman-Manufacturing,intact,black,3.9,P
Operative-Nonmanufacturing,Craftsmen-Other,intact,black,5,P
Operative-Nonmanufacturing,Craftsman-Construction,intact,black,2.2,P
Operative-Nonmanufacturing,Service_Worker,intact,black,13,P
Operative-Nonmanufacturing,Operative-Nonmanufacturing,intact,black,20.4,P
Operative-Nonmanufacturing,Operative-Manufacturing,intact,black,13.2,P
Operative-Nonmanufacturing,Laborer-Manufacturing,intact,black,3.5,P
Operative-Nonmanufacturing,Laborer-Nonmanufacturing,intact,black,10.5,P
Operative-Nonmanufacturing,Farmer/Farm_Manager,intact,black,0,P
Operative-Nonmanufacturing,Farm_Laborer,intact,black,3.9,P
Operative-Manufacturing,Professional_Self-Employed,intact,black,0,P
Operative-Manufacturing,Professional-Salaried,intact,black,4.2,P
Operative-Manufacturing,Manager,intact,black,1.1,P
Operative-Manufacturing,Salesman-Nonretail,intact,black,2.6,P
Operative-Manufacturing,Proprietor,intact,black,0,P
Operative-Manufacturing,Clerk,intact,black,9.6,P
Operative-Manufacturing,Salesman-Retail,intact,black,3.3,P
Operative-Manufacturing,Craftsman-Manufacturing,intact,black,3.4,P
Operative-Manufacturing,Craftsmen-Other,intact,black,3.9,P
Operative-Manufacturing,Craftsman-Construction,intact,black,0.8,P
Operative-Manufacturing,Service_Worker,intact,black,15.4,P
Operative-Manufacturing,Operative-Nonmanufacturing,intact,black,11.9,P
Operative-Manufacturing,Operative-Manufacturing,intact,black,20.6,N
Operative-Manufacturing,Laborer-Manufacturing,intact,black,11.4,P
Operative-Manufacturing,Laborer-Nonmanufacturing,intact,black,12.3,P
Operative-Manufacturing,Farmer/Farm_Manager,intact,black,0,P
Operative-Manufacturing,Farm_Laborer,intact,black,1.5,P
Laborer-Manufacturing,Professional_Self-Employed,intact,black,0,P
Laborer-Manufacturing,Professional-Salaried,intact,black,6.3,P
Laborer-Manufacturing,Manager,intact,black,1.1,P
Laborer-Manufacturing,Salesman-Nonretail,intact,black,0.5,P
Laborer-Manufacturing,Proprietor,intact,black,0,P
Laborer-Manufacturing,Clerk,intact,black,7.8,P
Laborer-Manufacturing,Salesman-Retail,intact,black,0.8,P
Laborer-Manufacturing,Craftsman-Manufacturing,intact,black,1,P
Laborer-Manufacturing,Craftsmen-Other,intact,black,1.4,P
Laborer-Manufacturing,Craftsman-Construction,intact,black,1,P
Laborer-Manufacturing,Service_Worker,intact,black,12.9,P
Laborer-Manufacturing,Operative-Nonmanufacturing,intact,black,9.4,P
Laborer-Manufacturing,Operative-Manufacturing,intact,black,14,N
Laborer-Manufacturing,Laborer-Manufacturing,intact,black,15.2,P
Laborer-Manufacturing,Laborer-Nonmanufacturing,intact,black,11.3,P
Laborer-Manufacturing,Farmer/Farm_Manager,intact,black,0.5,P
Laborer-Manufacturing,Farm_Laborer,intact,black,6,P
Laborer-Nonmanufacturing,Professional_Self-Employed,intact,black,0,P
Laborer-Nonmanufacturing,Professional-Salaried,intact,black,7.1,P
Laborer-Nonmanufacturing,Manager,intact,black,0,P
Laborer-Nonmanufacturing,Salesman-Nonretail,intact,black,0.7,P
Laborer-Nonmanufacturing,Proprietor,intact,black,0,P
Laborer-Nonmanufacturing,Clerk,intact,black,11.4,P
Laborer-Nonmanufacturing,Salesman-Retail,intact,black,0.8,P
Laborer-Nonmanufacturing,Craftsman-Manufacturing,intact,black,3.8,P
Laborer-Nonmanufacturing,Craftsmen-Other,intact,black,4.7,P
Laborer-Nonmanufacturing,Craftsman-Construction,intact,black,2.6,P
Laborer-Nonmanufacturing,Service_Worker,intact,black,18.1,P
Laborer-Nonmanufacturing,Operative-Nonmanufacturing,intact,black,14.6,N
Laborer-Nonmanufacturing,Operative-Manufacturing,intact,black,18.4,N
Laborer-Nonmanufacturing,Laborer-Manufacturing,intact,black,11.2,P
Laborer-Nonmanufacturing,Laborer-Nonmanufacturing,intact,black,28.9,N
Laborer-Nonmanufacturing,Farmer/Farm_Manager,intact,black,0.7,P
Laborer-Nonmanufacturing,Farm_Laborer,intact,black,7.6,P
Farmer/Farm_Manager,Professional_Self-Employed,intact,black,0,P
Farmer/Farm_Manager,Professional-Salaried,intact,black,7.5,P
Farmer/Farm_Manager,Manager,intact,black,1.4,P
Farmer/Farm_Manager,Salesman-Nonretail,intact,black,0,P
Farmer/Farm_Manager,Proprietor,intact,black,0.4,P
Farmer/Farm_Manager,Clerk,intact,black,12.2,P
Farmer/Farm_Manager,Salesman-Retail,intact,black,2.6,P
Farmer/Farm_Manager,Craftsman-Manufacturing,intact,black,7.2,P
Farmer/Farm_Manager,Craftsmen-Other,intact,black,8.7,P
Farmer/Farm_Manager,Craftsman-Construction,intact,black,8.8,P
Farmer/Farm_Manager,Service_Worker,intact,black,20.9,N
Farmer/Farm_Manager,Operative-Nonmanufacturing,intact,black,28.1,N
Farmer/Farm_Manager,Operative-Manufacturing,intact,black,41.7,N
Farmer/Farm_Manager,Laborer-Manufacturing,intact,black,31.8,N
Farmer/Farm_Manager,Laborer-Nonmanufacturing,intact,black,42.1,N
Farmer/Farm_Manager,Farmer/Farm_Manager,intact,black,33.1,P
Farmer/Farm_Manager,Farm_Laborer,intact,black,98.4,P
Farm_Laborer,Professional_Self-Employed,intact,black,0,P
Farm_Laborer,Professional-Salaried,intact,black,2.9,P
Farm_Laborer,Manager,intact,black,0.9,P
Farm_Laborer,Salesman-Nonretail,intact,black,0,P
Farm_Laborer,Proprietor,intact,black,0,P
Farm_Laborer,Clerk,intact,black,2.4,P
Farm_Laborer,Salesman-Retail,intact,black,3.8,P
Farm_Laborer,Craftsman-Manufacturing,intact,black,3.1,P
Farm_Laborer,Craftsmen-Other,intact,black,2.8,P
Farm_Laborer,Craftsman-Construction,intact,black,3,P
Farm_Laborer,Service_Worker,intact,black,11.2,P
Farm_Laborer,Operative-Nonmanufacturing,intact,black,16,N
Farm_Laborer,Operative-Manufacturing,intact,black,14.2,N
Farm_Laborer,Laborer-Manufacturing,intact,black,12.3,P
Farm_Laborer,Laborer-Nonmanufacturing,intact,black,20.6,N
Farm_Laborer,Farmer/Farm_Manager,intact,black,3.3,P
Farm_Laborer,Farm_Laborer,intact,black,49,P
Professional_Self-Employed,Professional_Self-Employed,nonintact,black,0,P
Professional_Self-Employed,Professional-Salaried,nonintact,black,0.4,P
Professional_Self-Employed,Manager,nonintact,black,0,P
Professional_Self-Employed,Salesman-Nonretail,nonintact,black,0,P
Professional_Self-Employed,Proprietor,nonintact,black,0,P
Professional_Self-Employed,Clerk,nonintact,black,0,P
Professional_Self-Employed,Salesman-Retail,nonintact,black,0,P
Professional_Self-Employed,Craftsman-Manufacturing,nonintact,black,0,P
Professional_Self-Employed,Craftsmen-Other,nonintact,black,0,P
Professional_Self-Employed,Craftsman-Construction,nonintact,black,0,P
Professional_Self-Employed,Service_Worker,nonintact,black,0,P
Professional_Self-Employed,Operative-Nonmanufacturing,nonintact,black,0,P
Professional_Self-Employed,Operative-Manufacturing,nonintact,black,0.4,P
Professional_Self-Employed,Laborer-Manufacturing,nonintact,black,0,P
Professional_Self-Employed,Laborer-Nonmanufacturing,nonintact,black,0,P
Professional_Self-Employed,Farmer/Farm_Manager,nonintact,black,0,P
Professional_Self-Employed,Farm_Laborer,nonintact,black,0,P
Professional-Salaried,Professional_Self-Employed,nonintact,black,0.3,P
Professional-Salaried,Professional-Salaried,nonintact,black,3.1,P
Professional-Salaried,Manager,nonintact,black,0.6,P
Professional-Salaried,Salesman-Nonretail,nonintact,black,0,P
Professional-Salaried,Proprietor,nonintact,black,0,P
Professional-Salaried,Clerk,nonintact,black,2.7,P
Professional-Salaried,Salesman-Retail,nonintact,black,0.5,P
Professional-Salaried,Craftsman-Manufacturing,nonintact,black,1,P
Professional-Salaried,Craftsmen-Other,nonintact,black,0,P
Professional-Salaried,Craftsman-Construction,nonintact,black,0,P
Professional-Salaried,Service_Worker,nonintact,black,3.4,P
Professional-Salaried,Operative-Nonmanufacturing,nonintact,black,0.9,P
Professional-Salaried,Operative-Manufacturing,nonintact,black,0.6,P
Professional-Salaried,Laborer-Manufacturing,nonintact,black,1,P
Professional-Salaried,Laborer-Nonmanufacturing,nonintact,black,0.6,P
Professional-Salaried,Farmer/Farm_Manager,nonintact,black,0,P
Professional-Salaried,Farm_Laborer,nonintact,black,0,P
Manager,Professional_Self-Employed,nonintact,black,0,P
Manager,Professional-Salaried,nonintact,black,0.6,P
Manager,Manager,nonintact,black,0.7,P
Manager,Salesman-Nonretail,nonintact,black,0,P
Manager,Proprietor,nonintact,black,0,P
Manager,Clerk,nonintact,black,0.6,P
Manager,Salesman-Retail,nonintact,black,0,P
Manager,Craftsman-Manufacturing,nonintact,black,0.5,P
Manager,Craftsmen-Other,nonintact,black,0,P
Manager,Craftsman-Construction,nonintact,black,0.6,P
Manager,Service_Worker,nonintact,black,0,P
Manager,Operative-Nonmanufacturing,nonintact,black,2,P
Manager,Operative-Manufacturing,nonintact,black,0.9,P
Manager,Laborer-Manufacturing,nonintact,black,0,P
Manager,Laborer-Nonmanufacturing,nonintact,black,0,P
Manager,Farmer/Farm_Manager,nonintact,black,0,P
Manager,Farm_Laborer,nonintact,black,0,P
Salesman-Nonretail,Professional_Self-Employed,nonintact,black,0,P
Salesman-Nonretail,Professional-Salaried,nonintact,black,0,P
Salesman-Nonretail,Manager,nonintact,black,0,P
Salesman-Nonretail,Salesman-Nonretail,nonintact,black,0,P
Salesman-Nonretail,Proprietor,nonintact,black,0,P
Salesman-Nonretail,Clerk,nonintact,black,0,P
Salesman-Nonretail,Salesman-Retail,nonintact,black,0,P
Salesman-Nonretail,Craftsman-Manufacturing,nonintact,black,0,P
Salesman-Nonretail,Craftsmen-Other,nonintact,black,0,P
Salesman-Nonretail,Craftsman-Construction,nonintact,black,0,P
Salesman-Nonretail,Service_Worker,nonintact,black,0,P
Salesman-Nonretail,Operative-Nonmanufacturing,nonintact,black,0,P
Salesman-Nonretail,Operative-Manufacturing,nonintact,black,0,P
Salesman-Nonretail,Laborer-Manufacturing,nonintact,black,0,P
Salesman-Nonretail,Laborer-Nonmanufacturing,nonintact,black,0.4,P
Salesman-Nonretail,Farmer/Farm_Manager,nonintact,black,0,P
Salesman-Nonretail,Farm_Laborer,nonintact,black,0,P
Proprietor,Professional_Self-Employed,nonintact,black,0,P
Proprietor,Professional-Salaried,nonintact,black,1.6,P
Proprietor,Manager,nonintact,black,0,P
Proprietor,Salesman-Nonretail,nonintact,black,0,P
Proprietor,Proprietor,nonintact,black,0,P
Proprietor,Clerk,nonintact,black,0,P
Proprietor,Salesman-Retail,nonintact,black,1,P
Proprietor,Craftsman-Manufacturing,nonintact,black,0,P
Proprietor,Craftsmen-Other,nonintact,black,1.2,P
Proprietor,Craftsman-Construction,nonintact,black,0.5,P
Proprietor,Service_Worker,nonintact,black,2.2,P
Proprietor,Operative-Nonmanufacturing,nonintact,black,0,P
Proprietor,Operative-Manufacturing,nonintact,black,0,P
Proprietor,Laborer-Manufacturing,nonintact,black,0.8,P
Proprietor,Laborer-Nonmanufacturing,nonintact,black,0,P
Proprietor,Farmer/Farm_Manager,nonintact,black,0,P
Proprietor,Farm_Laborer,nonintact,black,0,P
Clerk,Professional_Self-Employed,nonintact,black,0,P
Clerk,Professional-Salaried,nonintact,black,0.4,P
Clerk,Manager,nonintact,black,0,P
Clerk,Salesman-Nonretail,nonintact,black,0,P
Clerk,Proprietor,nonintact,black,0,P
Clerk,Clerk,nonintact,black,1.9,P
Clerk,Salesman-Retail,nonintact,black,0,P
Clerk,Craftsman-Manufacturing,nonintact,black,0,P
Clerk,Craftsmen-Other,nonintact,black,0,P
Clerk,Craftsman-Construction,nonintact,black,0,P
Clerk,Service_Worker,nonintact,black,1.7,P
Clerk,Operative-Nonmanufacturing,nonintact,black,1.7,P
Clerk,Operative-Manufacturing,nonintact,black,0.5,P
Clerk,Laborer-Manufacturing,nonintact,black,0.5,P
Clerk,Laborer-Nonmanufacturing,nonintact,black,2.2,P
Clerk,Farmer/Farm_Manager,nonintact,black,0,P
Clerk,Farm_Laborer,nonintact,black,0,P
Salesman-Retail,Professional_Self-Employed,nonintact,black,0.4,P
Salesman-Retail,Professional-Salaried,nonintact,black,0,P
Salesman-Retail,Manager,nonintact,black,0.7,P
Salesman-Retail,Salesman-Nonretail,nonintact,black,0,P
Salesman-Retail,Proprietor,nonintact,black,0,P
Salesman-Retail,Clerk,nonintact,black,0,P
Salesman-Retail,Salesman-Retail,nonintact,black,0,P
Salesman-Retail,Craftsman-Manufacturing,nonintact,black,0,P
Salesman-Retail,Craftsmen-Other,nonintact,black,0,P
Salesman-Retail,Craftsman-Construction,nonintact,black,0,P
Salesman-Retail,Service_Worker,nonintact,black,0.7,P
Salesman-Retail,Operative-Nonmanufacturing,nonintact,black,0,P
Salesman-Retail,Operative-Manufacturing,nonintact,black,0.6,P
Salesman-Retail,Laborer-Manufacturing,nonintact,black,0,P
Salesman-Retail,Laborer-Nonmanufacturing,nonintact,black,0,P
Salesman-Retail,Farmer/Farm_Manager,nonintact,black,0,P
Salesman-Retail,Farm_Laborer,nonintact,black,0,P
Craftsman-Manufacturing,Professional_Self-Employed,nonintact,black,0,P
Craftsman-Manufacturing,Professional-Salaried,nonintact,black,0,P
Craftsman-Manufacturing,Manager,nonintact,black,0,P
Craftsman-Manufacturing,Salesman-Nonretail,nonintact,black,0,P
Craftsman-Manufacturing,Proprietor,nonintact,black,0,P
Craftsman-Manufacturing,Clerk,nonintact,black,0.5,P
Craftsman-Manufacturing,Salesman-Retail,nonintact,black,0.4,P
Craftsman-Manufacturing,Craftsman-Manufacturing,nonintact,black,0,P
Craftsman-Manufacturing,Craftsmen-Other,nonintact,black,0,P
Craftsman-Manufacturing,Craftsman-Construction,nonintact,black,0,P
Craftsman-Manufacturing,Service_Worker,nonintact,black,1.3,P
Craftsman-Manufacturing,Operative-Nonmanufacturing,nonintact,black,0,P
Craftsman-Manufacturing,Operative-Manufacturing,nonintact,black,1,P
Craftsman-Manufacturing,Laborer-Manufacturing,nonintact,black,0.5,P
Craftsman-Manufacturing,Laborer-Nonmanufacturing,nonintact,black,0.6,P
Craftsman-Manufacturing,Farmer/Farm_Manager,nonintact,black,0,P
Craftsman-Manufacturing,Farm_Laborer,nonintact,black,0,P
Craftsmen-Other,Professional_Self-Employed,nonintact,black,0,P
Craftsmen-Other,Professional-Salaried,nonintact,black,0,P
Craftsmen-Other,Manager,nonintact,black,0.6,P
Craftsmen-Other,Salesman-Nonretail,nonintact,black,0.7,P
Craftsmen-Other,Proprietor,nonintact,black,0,P
Craftsmen-Other,Clerk,nonintact,black,1.2,P
Craftsmen-Other,Salesman-Retail,nonintact,black,0,P
Craftsmen-Other,Craftsman-Manufacturing,nonintact,black,0.5,P
Craftsmen-Other,Craftsmen-Other,nonintact,black,0.8,P
Craftsmen-Other,Craftsman-Construction,nonintact,black,1.2,P
Craftsmen-Other,Service_Worker,nonintact,black,1.9,P
Craftsmen-Other,Operative-Nonmanufacturing,nonintact,black,2.4,P
Craftsmen-Other,Operative-Manufacturing,nonintact,black,1.5,P
Craftsmen-Other,Laborer-Manufacturing,nonintact,black,0,P
Craftsmen-Other,Laborer-Nonmanufacturing,nonintact,black,0.4,P
Craftsmen-Other,Farmer/Farm_Manager,nonintact,black,0,P
Craftsmen-Other,Farm_Laborer,nonintact,black,0,P
Craftsman-Construction,Professional_Self-Employed,nonintact,black,0,P
Craftsman-Construction,Professional-Salaried,nonintact,black,1.1,P
Craftsman-Construction,Manager,nonintact,black,0.4,P
Craftsman-Construction,Salesman-Nonretail,nonintact,black,0,P
Craftsman-Construction,Proprietor,nonintact,black,0,P
Craftsman-Construction,Clerk,nonintact,black,0,P
Craftsman-Construction,Salesman-Retail,nonintact,black,0,P
Craftsman-Construction,Craftsman-Manufacturing,nonintact,black,0,P
Craftsman-Construction,Craftsmen-Other,nonintact,black,0.3,P
Craftsman-Construction,Craftsman-Construction,nonintact,black,0.5,P
Craftsman-Construction,Service_Worker,nonintact,black,1.6,P
Craftsman-Construction,Operative-Nonmanufacturing,nonintact,black,1.9,P
Craftsman-Construction,Operative-Manufacturing,nonintact,black,2.1,P
Craftsman-Construction,Laborer-Manufacturing,nonintact,black,0.5,P
Craftsman-Construction,Laborer-Nonmanufacturing,nonintact,black,1.6,P
Craftsman-Construction,Farmer/Farm_Manager,nonintact,black,0,P
Craftsman-Construction,Farm_Laborer,nonintact,black,0,P
Service_Worker,Professional_Self-Employed,nonintact,black,0,P
Service_Worker,Professional-Salaried,nonintact,black,6.3,P
Service_Worker,Manager,nonintact,black,1.7,P
Service_Worker,Salesman-Nonretail,nonintact,black,1.4,P
Service_Worker,Proprietor,nonintact,black,0,P
Service_Worker,Clerk,nonintact,black,17.8,P
Service_Worker,Salesman-Retail,nonintact,black,3.2,P
Service_Worker,Craftsman-Manufacturing,nonintact,black,7.5,P
Service_Worker,Craftsmen-Other,nonintact,black,4.4,P
Service_Worker,Craftsman-Construction,nonintact,black,4.9,P
Service_Worker,Service_Worker,nonintact,black,44.8,N
Service_Worker,Operative-Nonmanufacturing,nonintact,black,25.6,N
Service_Worker,Operative-Manufacturing,nonintact,black,38.4,N
Service_Worker,Laborer-Manufacturing,nonintact,black,12.9,P
Service_Worker,Laborer-Nonmanufacturing,nonintact,black,25.3,N
Service_Worker,Farmer/Farm_Manager,nonintact,black,0.7,P
Service_Worker,Farm_Laborer,nonintact,black,7.6,P
Operative-Nonmanufacturing,Professional_Self-Employed,nonintact,black,0,P
Operative-Nonmanufacturing,Professional-Salaried,nonintact,black,2.4,P
Operative-Nonmanufacturing,Manager,nonintact,black,1.8,P
Operative-Nonmanufacturing,Salesman-Nonretail,nonintact,black,0,P
Operative-Nonmanufacturing,Proprietor,nonintact,black,0,P
Operative-Nonmanufacturing,Clerk,nonintact,black,3.2,P
Operative-Nonmanufacturing,Salesman-Retail,nonintact,black,1,P
Operative-Nonmanufacturing,Craftsman-Manufacturing,nonintact,black,0.6,P
Operative-Nonmanufacturing,Craftsmen-Other,nonintact,black,0.7,P
Operative-Nonmanufacturing,Craftsman-Construction,nonintact,black,0.9,P
Operative-Nonmanufacturing,Service_Worker,nonintact,black,4.9,P
Operative-Nonmanufacturing,Operative-Nonmanufacturing,nonintact,black,9,P
Operative-Nonmanufacturing,Operative-Manufacturing,nonintact,black,5.3,P
Operative-Nonmanufacturing,Laborer-Manufacturing,nonintact,black,0.9,P
Operative-Nonmanufacturing,Laborer-Nonmanufacturing,nonintact,black,7,P
Operative-Nonmanufacturing,Farmer/Farm_Manager,nonintact,black,1,P
Operative-Nonmanufacturing,Farm_Laborer,nonintact,black,0.8,P
Operative-Manufacturing,Professional_Self-Employed,nonintact,black,0,P
Operative-Manufacturing,Professional-Salaried,nonintact,black,2.3,P
Operative-Manufacturing,Manager,nonintact,black,0.6,P
Operative-Manufacturing,Salesman-Nonretail,nonintact,black,0,P
Operative-Manufacturing,Proprietor,nonintact,black,0,P
Operative-Manufacturing,Clerk,nonintact,black,1.3,P
Operative-Manufacturing,Salesman-Retail,nonintact,black,0,P
Operative-Manufacturing,Craftsman-Manufacturing,nonintact,black,0.5,P
Operative-Manufacturing,Craftsmen-Other,nonintact,black,0,P
Operative-Manufacturing,Craftsman-Construction,nonintact,black,0.5,P
Operative-Manufacturing,Service_Worker,nonintact,black,5.2,P
Operative-Manufacturing,Operative-Nonmanufacturing,nonintact,black,3.3,P
Operative-Manufacturing,Operative-Manufacturing,nonintact,black,7,P
Operative-Manufacturing,Laborer-Manufacturing,nonintact,black,6.2,P
Operative-Manufacturing,Laborer-Nonmanufacturing,nonintact,black,5.2,P
Operative-Manufacturing,Farmer/Farm_Manager,nonintact,black,0,P
Operative-Manufacturing,Farm_Laborer,nonintact,black,0.5,P
Laborer-Manufacturing,Professional_Self-Employed,nonintact,black,0,P
Laborer-Manufacturing,Professional-Salaried,nonintact,black,0,P
Laborer-Manufacturing,Manager,nonintact,black,0,P
Laborer-Manufacturing,Salesman-Nonretail,nonintact,black,0.5,P
Laborer-Manufacturing,Proprietor,nonintact,black,0,P
Laborer-Manufacturing,Clerk,nonintact,black,1.8,P
Laborer-Manufacturing,Salesman-Retail,nonintact,black,0,P
Laborer-Manufacturing,Craftsman-Manufacturing,nonintact,black,0,P
Laborer-Manufacturing,Craftsmen-Other,nonintact,black,0,P
Laborer-Manufacturing,Craftsman-Construction,nonintact,black,0,P
Laborer-Manufacturing,Service_Worker,nonintact,black,1,P
Laborer-Manufacturing,Operative-Nonmanufacturing,nonintact,black,1.8,P
Laborer-Manufacturing,Operative-Manufacturing,nonintact,black,3.4,P
Laborer-Manufacturing,Laborer-Manufacturing,nonintact,black,1,P
Laborer-Manufacturing,Laborer-Nonmanufacturing,nonintact,black,0.9,P
Laborer-Manufacturing,Farmer/Farm_Manager,nonintact,black,0,P
Laborer-Manufacturing,Farm_Laborer,nonintact,black,0.5,P
Laborer-Nonmanufacturing,Professional_Self-Employed,nonintact,black,0,P
Laborer-Nonmanufacturing,Professional-Salaried,nonintact,black,0.8,P
Laborer-Nonmanufacturing,Manager,nonintact,black,0,P
Laborer-Nonmanufacturing,Salesman-Nonretail,nonintact,black,0,P
Laborer-Nonmanufacturing,Proprietor,nonintact,black,0,P
Laborer-Nonmanufacturing,Clerk,nonintact,black,3.1,P
Laborer-Nonmanufacturing,Salesman-Retail,nonintact,black,0.6,P
Laborer-Nonmanufacturing,Craftsman-Manufacturing,nonintact,black,0,P
Laborer-Nonmanufacturing,Craftsmen-Other,nonintact,black,1.4,P
Laborer-Nonmanufacturing,Craftsman-Construction,nonintact,black,0.5,P
Laborer-Nonmanufacturing,Service_Worker,nonintact,black,7,P
Laborer-Nonmanufacturing,Operative-Nonmanufacturing,nonintact,black,4.9,P
Laborer-Nonmanufacturing,Operative-Manufacturing,nonintact,black,5.9,P
Laborer-Nonmanufacturing,Laborer-Manufacturing,nonintact,black,1.9,P
Laborer-Nonmanufacturing,Laborer-Nonmanufacturing,nonintact,black,6.2,P
Laborer-Nonmanufacturing,Farmer/Farm_Manager,nonintact,black,0,P
Laborer-Nonmanufacturing,Farm_Laborer,nonintact,black,1.3,P
Farmer/Farm_Manager,Professional_Self-Employed,nonintact,black,0.3,P
Farmer/Farm_Manager,Professional-Salaried,nonintact,black,3.7,P
Farmer/Farm_Manager,Manager,nonintact,black,0,P
Farmer/Farm_Manager,Salesman-Nonretail,nonintact,black,0,P
Farmer/Farm_Manager,Proprietor,nonintact,black,0,P
Farmer/Farm_Manager,Clerk,nonintact,black,0.8,P
Farmer/Farm_Manager,Salesman-Retail,nonintact,black,1.4,P
Farmer/Farm_Manager,Craftsman-Manufacturing,nonintact,black,2.2,P
Farmer/Farm_Manager,Craftsmen-Other,nonintact,black,2.7,P
Farmer/Farm_Manager,Craftsman-Construction,nonintact,black,1.2,P
Farmer/Farm_Manager,Service_Worker,nonintact,black,7.3,P
Farmer/Farm_Manager,Operative-Nonmanufacturing,nonintact,black,11.9,P
Farmer/Farm_Manager,Operative-Manufacturing,nonintact,black,9.5,N
Farmer/Farm_Manager,Laborer-Manufacturing,nonintact,black,9.5,P
Farmer/Farm_Manager,Laborer-Nonmanufacturing,nonintact,black,13.9,P
Farmer/Farm_Manager,Farmer/Farm_Manager,nonintact,black,7.2,P
Farmer/Farm_Manager,Farm_Laborer,nonintact,black,28.8,P
Farm_Laborer,Professional_Self-Employed,nonintact,black,0,P
Farm_Laborer,Professional-Salaried,nonintact,black,1.9,P
Farm_Laborer,Manager,nonintact,black,0,P
Farm_Laborer,Salesman-Nonretail,nonintact,black,0,P
Farm_Laborer,Proprietor,nonintact,black,1.4,P
Farm_Laborer,Clerk,nonintact,black,2.9,P
Farm_Laborer,Salesman-Retail,nonintact,black,0,P
Farm_Laborer,Craftsman-Manufacturing,nonintact,black,1,P
Farm_Laborer,Craftsmen-Other,nonintact,black,1,P
Farm_Laborer,Craftsman-Construction,nonintact,black,0,P
Farm_Laborer,Service_Worker,nonintact,black,4.6,P
Farm_Laborer,Operative-Nonmanufacturing,nonintact,black,8.5,P
Farm_Laborer,Operative-Manufacturing,nonintact,black,6.7,P
Farm_Laborer,Laborer-Manufacturing,nonintact,black,4,P
Farm_Laborer,Laborer-Nonmanufacturing,nonintact,black,8.5,P
Farm_Laborer,Farmer/Farm_Manager,nonintact,black,1.7,P
Farm_Laborer,Farm_Laborer,nonintact,black,30.4,P